experimentID,eventID,nodeID,requestTimeFromVM,startTimeFromLambda,newcontainer,targetStartTime
16ecfc59-3897-473b-b5a3-9812e56f8191,1,Worker1,1008.156005859375,1832.0,1,1000
16ecfc59-3897-473b-b5a3-9812e56f8191,2,Worker2,1149.887939453125,1408.0,0,1100
16ecfc59-3897-473b-b5a3-9812e56f8191,3,Worker3,1308.444091796875,1526.0,0,1300
16ecfc59-3897-473b-b5a3-9812e56f8191,4,Worker4,1429.08203125,1681.0,0,1400
16ecfc59-3897-473b-b5a3-9812e56f8191,5,Worker5,1514.327880859375,1724.0,0,1500
