experimentID,eventID,nodeID,requestTimeFromVM,startTimeFromLambda,newcontainer,targetStartTime
ebcf9a2d-1ad3-493a-b133-91b4b65244f1,1,Worker1,1000.864013671875,1060.0,0,1000
ebcf9a2d-1ad3-493a-b133-91b4b65244f1,3,Worker3,1002.0009765625,1062.0,0,1000
ebcf9a2d-1ad3-493a-b133-91b4b65244f1,4,Worker4,1001.9580078125,1060.0,0,1000
ebcf9a2d-1ad3-493a-b133-91b4b65244f1,5,Worker5,1000.94189453125,1058.0,0,1000
ebcf9a2d-1ad3-493a-b133-91b4b65244f1,2,Worker2,1100.757080078125,1155.0,0,1100
