experimentID,eventID,nodeID,requestTimeFromVM,startTimeFromLambda,newcontainer,targetStartTime
11cfe56a-4ddb-49b1-961a-1428d9a5bdf3,1,Worker1,1023.763671875,1726.998779296875,1,1000
11cfe56a-4ddb-49b1-961a-1428d9a5bdf3,3,Worker3,1018.5458984375,1663.998779296875,1,1000
11cfe56a-4ddb-49b1-961a-1428d9a5bdf3,4,Worker4,1024.3408203125,1695.998779296875,1,1000
11cfe56a-4ddb-49b1-961a-1428d9a5bdf3,5,Worker5,1025.248779296875,1733.998779296875,1,1000
11cfe56a-4ddb-49b1-961a-1428d9a5bdf3,2,Worker2,1132.290771484375,1812.998779296875,1,1100
